country_code,METHODOLOGY,BASE_YEAR,CHAIN_WEIGHTED,METHODOLOGY_NOTES,LATEST_ACTUAL_ANNUAL_DATA,HISTORICAL_DATA_SOURCE,COUNTRY_UPDATE_DATE,extrait_le
ABW,System of National Accounts (SNA) 1993,2013,"Yes, from 2000","Central Statistics Office published nominal GDP for 2001-2022, and real GDP for 2013-2022. Real GDP for 2001-2012 come from the Central Bank Aruba (CBA). Estimates for nominal and real GDP in 2023-2024 also come from CBA.",2021,National Statistics Office,9/19/2025,2026-10-02
AFG,System of National Accounts (SNA) 2008,2016,No,"Historical data through 2020 are presented on a calendar year basis having been converted from original source data compiled in solar year (through 2015) and calendar year (2016-20). From 2021 onwards, data are compiled by the source and presented on the basis of the solar year. Solar year (March 21 - March 20) data are mapped to calendar year such that SY(t/t+1)=CY(t).
Historical data source: The National Statistics and Information Authority, and IMF Staff estimates.",FY2024/25,National Statistics Office,,2026-10-02
AGO,European System of Accounts (ESA) 1995,2015,No,"Historical data source: Ministry of Planning. Starting from the year 2002, historical National Accounts data are provided by Angola's National Institute of Statistics (INE) and the composition of aggregate demand was revised taking into account updated information from the authorities National Accounts statistics. Data for prior years are based on different sources and/or estimated by IMF staff, including using a ratio slicing method in order to avoid breaks in the data. The Bureau of Statistics, Instituto Nacional De EstatÍsticas, has published rebased national accounts in May 2024. The base year was revised from 2002 to 2015 to reflect changes in the economic structure over that period. As a result, 2023 nominal GDP increased by 13.1 percent. The main sector that was upwardly revised is agriculture.",2024,National Statistics Office,9/9/2025,2026-10-02
ALB,European System of Accounts (ESA) 2010,2020,"Yes, from 2020","Historical data source: Official national accounts, including real GDP growth, rates available from 1996 onwards. Base year: Instat changed the base year to calculate real GDP to 2020 and provided revised data only after 2019. They are still working on historical revision of the whole data series. To avoid discontinuity between 2018 and 2019, we followed the advice from the WEO team and delete all involved series before 2019.",2024,IMF Staff Estimates,9/15/2025,2026-10-02
AND,Other,2010,No,,2024,National Statistics Office,9/10/2025,2026-10-02
ARE,System of National Accounts (SNA) 2008,2010,No,,2023,National Statistics Office,9/26/2025,2026-10-02
ARG,System of National Accounts (SNA) 2008,2004,No,,2024,National Statistics Office,9/23/2025,2026-10-02
ARM,System of National Accounts (SNA) 2008,2005,No,NGDP_R quarterly series is seasonally adjusted. NGDP_R annual series is not seasonally adjusted.,2024,National Statistics Office,9/16/2025,2026-10-02
ATG,System of National Accounts (SNA) 1993,2018,No,Historical values for expenditure based GDP components are not reported by authorities and are estimated by IMF staff using data from balance of payments and fiscal accounts. GDP expenditure component estimates prior 2014 have been removed due to internal inconsistencies arising from methodological changes to international trade estimates from the balance of payments applicable to data reported after 2014. GDP valuation: Nominal and real GDP are measured at market prices. Quarterly GDP is not available.,2023,Central Bank,9/22/2025,2026-10-02
AUS,System of National Accounts (SNA) 2008,2022,"Yes, from before 1980",Historical data source: Australian Bureau of Statistics (via Haver Analytics). Annual CY data are reconstructed from quarterly data. The base period is 2022Q3-2023Q2. Chain-weighted comments: Annually-reweighted.,2024,National Statistics Office,9/26/2025,2026-10-02
AUT,European System of Accounts (ESA) 2010,2020,"Yes, from 1995",,2024,National Statistics Office,9/18/2025,2026-10-02
AZE,System of National Accounts (SNA) 1993,2005,"Yes, from 1994",Data prior to 2001 cannot be confirmed at this time.,2024,National Statistics Office,9/12/2025,2026-10-02
BDI,System of National Accounts (SNA) 1993,2005,No,,2024,National Statistics Office,9/15/2025,2026-10-02
BEL,European System of Accounts (ESA) 2010,2020,"Yes, from 1995","Data before 1995 were spliced with older series. Data from 1995 reflect current official series, following benchmark national account revision 1995-2018 released in September 2019.",2024,Central Bank,9/11/2025,2026-10-02
BEN,System of National Accounts (SNA) 2008,2015,No,"The harmonized methodological guide approved by the WAEMU Conseil of Ministers on December 20, 2024, is aligned with the internationally recommended concepts, methods and practices set out in the 2020 Consumer Price Index Manual.",2024,National Statistics Office,9/12/2025,2026-10-02
BFA,System of National Accounts (SNA) 2008,2015,"Yes, from 2015",Historical data source: The ministry of economy also provides estimates,2024,National Statistics Office,9/23/2025,2026-10-02
BGD,System of National Accounts (SNA) 2008,FY2015/16,No,Historical data source: Bangladesh Bureau of Statistics. Fiscal year data are mapped to calendar year as follows: FY(t-1/t) = CY(t).,FY2024/25,National Statistics Office,9/12/2025,2026-10-02
BGR,European System of Accounts (ESA) 2010,2020,"Yes, from 1996",,2024,National Statistics Office,9/23/2025,2026-10-02
BHR,System of National Accounts (SNA) 2008,2010,No,Historical data source: Prior to 1990 data are IMF staff estimates,2024,National Statistics Office,9/16/2025,2026-10-02
BHS,System of National Accounts (SNA) 1993,2018,No,Real GDP by Expenditure (components government consumption and export of G&S): Data for components Government final consumption expenditure and Export of G&S before 2012 are based on growth rates from 2018 National Accounts release.,2024,National Statistics Office,9/12/2025,2026-10-02
BIH,European System of Accounts (ESA) 2010,2021,"Yes, from 2021",,2024,National Statistics Office,9/17/2025,2026-10-02
BLR,System of National Accounts (SNA) 2008,2022,"Yes, from 2005","The national accounts have been updated from 2014 onwards. Prior to 2014 the data are adjusted to produce smooth series with the use of a splicing technique. These estimates continue to serve as proxies for historical series when complete information is unavailable. Statistical discrepancies between GDP and components are a consequence of statistical discrepancies reported by the authorities and chain-weighting. Historical data source: Formally, the National Statistical Committee of the Republic of Belarus.",2024,National Statistics Office,9/25/2025,2026-10-02
BLZ,System of National Accounts (SNA) 2008,2014,No,The Belize dollar is pegged to the US dollar. National accounts data in real and nominal terms from the production and expenditure sides are available at annual frequency and are published once a year. Real GDP from the supply side is also published at quarterly frequency.,2024,National Statistics Office,9/29/2025,2026-10-02
BOL,System of National Accounts (SNA) 2008,1990,No,,2024,National Statistics Office,9/17/2025,2026-10-02
BRA,System of National Accounts (SNA) 2008,1995,No,,2024,National Statistics Office,9/13/2025,2026-10-02
BRB,System of National Accounts (SNA) 2008,2016,No,The National Statistics Office is the primary source of National Accounts Data. Partial data is published on the central bank website. Expenditure side is not available.,2024,National Statistics Office,9/12/2025,2026-10-02
BRN,System of National Accounts (SNA) 2008,2010,No,"Latest actual data is preliminary 2024 National Accounts data. Historical data source: Department of Economic Planning and Statistics. There is a methodological break in the national accounts series beginning in 2010 when the GDP series were revised to incorporate the latest data from the Household Expenditure Survey 2010/11, the Economic Census 2011 and the Population and Housing Census 2011. Data prior to 2010 are based on the 2000 base year.",2024,Ministry of Finance or Treasury,9/26/2025,2026-10-02
BTN,System of National Accounts (SNA) 2008,FY2016/17,No,Data are converted from CY to FY by averaging two calendar years.,FY2023/24,National Statistics Office,9/11/2025,2026-10-02
BWA,System of National Accounts (SNA) 2008,2016,No,"The authority just updated and rebased their Nas using 2008 SNA from 2014 onwards. Before that, data are still based on 1993 SNA",2024,National Statistics Office,9/12/2025,2026-10-02
CAF,System of National Accounts (SNA) 1993,2005,No,,2019,National Statistics Office,8/18/2025,2026-10-02
CAN,System of National Accounts (SNA) 2008,2017,"Yes, from 1980",Data rebased to 2017,2024,National Statistics Office,9/25/2025,2026-10-02
CHE,European System of Accounts (ESA) 2010,2015,"Yes, from 1980",Quarterly national accounts data are the responsibility of the State Secretariat for Economic Affairs (SECO),2024,National Statistics Office,9/24/2025,2026-10-02
CHL,System of National Accounts (SNA) 2008,2018,"Yes, from 2003",Real annual data based on seasonally adjusted quarterly data.,2024,Central Bank,9/10/2025,2026-10-02
CHN,System of National Accounts (SNA) 2008,2015,No,Historical data source: Data retrieved from CEIC. GDP valuation: Authorities publish production-based measure; staff estimates expenditure-based measures.,2024,National Statistics Office,9/25/2025,2026-10-02
CIV,System of National Accounts (SNA) 2008,2015,"Yes, from 2015",The authorities' rebasing exercise to 2015 is ongoing,2023,National Statistics Office,9/22/2025,2026-10-02
CMR,System of National Accounts (SNA) 2008,2016,"Yes, from 2016",GDP and components are derived using chained price volumes - components are non-additive,2024,National Statistics Office,9/25/2025,2026-10-02
COD,System of National Accounts (SNA) 1993,2005,"Yes, from 2005",Data prior to 2001 cannot be confirmed by national sources at this time.,2020,National Statistics Office,7/15/2025,2026-10-02
COG,System of National Accounts (SNA) 1993,2005,No,,2021,National Statistics Office,8/20/2025,2026-10-02
COL,System of National Accounts (SNA) 2008,2015,"Yes, from 2005","DANE (Colombia Institute of Statistics) has done a rebasing of the national accounts (now base year is 2015 and before 2005). Data with the new base is only available from 2005. The change also includes methodological changes (for example, direct estimation of private consumption based on a survey) and most important, change in the index formulae (historically a Laspeyres fixed-base index and now a Laspeyres chain index). The main implications are that the 2005 and 2015 series are not comparable and the chain index is associated with non-additivity of the components.",2024,National Statistics Office,9/12/2025,2026-10-02
COM,System of National Accounts (SNA) 1993,2007,No,,2024,National Statistics Office,9/9/2025,2026-10-02
CPV,System of National Accounts (SNA) 2008,2015,"Yes, from 2011",The national accounts data have been revised from 2002 onward. The new data are obtained through a new computation methodology that uses an updated input-output table. The base year for the constant prices data is 2007.,2024,National Statistics Office,9/30/2025,2026-10-02
CRI,System of National Accounts (SNA) 2008,2017,"Yes, from 2016","As of January 2021, national accounts data reflect an updated series (including for all historical years) with 2017 as the benchmark year.",2024,Central Bank,9/18/2025,2026-10-02
CYP,European System of Accounts (ESA) 2010,2020,"Yes, from 1995",Historical data source: Eurostat,2024,Other,9/24/2025,2026-10-02
CZE,European System of Accounts (ESA) 2010,2020,"Yes, from 1995",National accounts base year changed to 2020 in the latest release by the Czech National Statistics Office,2024,National Statistics Office,9/19/2025,2026-10-02
DEU,European System of Accounts (ESA) 2010,2020,"Yes, from 1991",Data from 1991 onward refer to united Germany and include FISIM. Data until 1990 are estimates for united Germany derived from available data (excluding FISIM) for the German federation only (West Germany).,2024,National Statistics Office,9/23/2025,2026-10-02
DJI,System of National Accounts (SNA) 2008,2013,No,,2023,National Statistics Office,9/19/2025,2026-10-02
DMA,System of National Accounts (SNA) 1993,2006,No,,2023,National Statistics Office,9/10/2025,2026-10-02
DNK,European System of Accounts (ESA) 2010,2020,"Yes, from 1980",,2024,National Statistics Office,9/24/2025,2026-10-02
DOM,System of National Accounts (SNA) 2008,2018,"Yes, from 2018",,2024,Central Bank,9/26/2025,2026-10-02
DZA,System of National Accounts (SNA) 2008,2001,"Yes, from 2005","From 2001 and onward, the nominal GDP and its components are computed according to the 2008 System of National Accounts (SNA) standard with base year 2001. Before 2001, these data are based on the 1968 SNA with base year 1989.",2024,National Statistics Office,9/12/2025,2026-10-02
ECU,System of National Accounts (SNA) 2008,2018,"Yes, from 2018",The national accounts have been updated from 2002 onwards. Prior to 2002 the data are adjusted to produce smooth series with the use of splicing technique. These estimates continue to serve as proxies for historical series when complete information is unavailable.,2024,Central Bank,9/26/2025,2026-10-02
EGY,System of National Accounts (SNA) 2008,FY2021/22,No,Data refer to fiscal years. Fiscal year data are mapped to calendar year as follows: FY(t-1/t) = CY(t). Data prior to 1987 cannot be confirmed by national sources at this time. Historical data source: Ministry of Planning and Economic Development.,FY2023/24,Ministry of Economy and/or Planning,9/26/2025,2026-10-02
ERI,System of National Accounts (SNA) 1993,2011,No,,2019,Other,,2026-10-02
ESP,European System of Accounts (ESA) 2010,2020,"Yes, from 1995",Chain-weighted and converted to market prices,2024,National Statistics Office,9/26/2025,2026-10-02
EST,European System of Accounts (ESA) 2010,2020,"Yes, from 2010",Data from 2003 onwards reflect methodological revisions.,2024,National Statistics Office,9/26/2025,2026-10-02
ETH,System of National Accounts (SNA) 2008,FY2015/16,No,"GDP valuation: Data refer to fiscal years (July/June). Fiscal year data are mapped to calendar year as follows: FY(t-1/t) = CY(t). For example, data for 2011 represent fiscal year 2010/11.",FY2023/24,National Statistics Office,9/25/2025,2026-10-02
FIN,European System of Accounts (ESA) 2010,2015,"Yes, from 1980",Historical data source: Downloaded through Haver Analytics,2024,National Statistics Office,9/15/2025,2026-10-02
FJI,System of National Accounts (SNA) 2008,2014,No,Historical data source: Fiji Islands Bureau of Statistics,2024,National Statistics Office,9/22/2025,2026-10-02
FRA,European System of Accounts (ESA) 2010,2020,"Yes, from 1980",All values are seasonally and working day adjusted by the source.,2024,National Statistics Office,9/30/2025,2026-10-02
FSM,System of National Accounts (SNA) 2008,FY2003/04,No,Fiscal year data are mapped to calendar year as follows: FY(t-1/t) = CY(t).,FY2022/23,National Statistics Office,9/15/2025,2026-10-02
G001,,,,,,,,2026-10-02
G110,,,,,,,,2026-10-02
G119,,,,,,,,2026-10-02
G163,European System of Accounts (ESA) 2010,2020,"Yes, from 1995",Historical data source: Eurostat,2024,Other,9/29/2025,2026-10-02
G200,,,,,,,,2026-10-02
G205,,,,,,,,2026-10-02
G400,,,,,,,,2026-10-02
G505,,,,,,,,2026-10-02
G510,,,,,,,,2026-10-02
G603,,,,,,,,2026-10-02
G903,,,,,,,,2026-10-02
G998,,,,,,,,2026-10-02
GAB,System of National Accounts (SNA) 1993,2001,No,,2024,Ministry of Economy and/or Planning,9/19/2025,2026-10-02
GBR,European System of Accounts (ESA) 2010,2022,"Yes, from before 1980","Base year changed from 2019 to 2022 by the Office of National Statistics as of Sep 30, 2024.",2024,National Statistics Office,9/13/2025,2026-10-02
GEO,System of National Accounts (SNA) 2008,2019,"Yes, from 1996",Data prior to 1996 cannot be confirmed by national sources. Data prior to 2010 are based on staff estimates. Historical data source: Historical data from 2010 revised in February 2024,2024,National Statistics Office,9/17/2025,2026-10-02
GHA,System of National Accounts (SNA) 2008,2013,No,,2023,National Statistics Office,9/26/2025,2026-10-02
GIN,System of National Accounts (SNA) 1993,2010,No,Data prior to 1995 cannot be confirmed by national sources at this time.,2021,National Statistics Office,9/18/2025,2026-10-02
GMB,System of National Accounts (SNA) 2008,2013,No,,2023,National Statistics Office,9/24/2025,2026-10-02
GNB,System of National Accounts (SNA) 2008,2015,"Yes, from 2015",Data prior to 1997 cannot be confirmed by national sources. The latest published national account by National Statistics Office is for 2018. Historical data after 2019 is the estimate by the Ministry of Finance.,2023,National Statistics Office,9/9/2025,2026-10-02
GNQ,System of National Accounts (SNA) 1993,2006,No,"National accounts data comes from the statistical office (INEGE), which depends on the Ministry of Economy and Planning. The external sector statistics in the national accounts are inconsistent with those published by BEAC on the BoP. The desk team is coordinating with authorities to clarify the historical inconsistency.  GDP valuation is market prices. Supply breakdown gets to GDP at market prices through production recorded at factor costs. Historical data source: Ministry of Economy, Planning, and Public Investment, and Banque des Etats de l'Afrique Centrale (Central Bank).",2024,Ministry of Economy and/or Planning,9/23/2025,2026-10-02
GRC,European System of Accounts (ESA) 2010,2020,"Yes, from 1995",Official data are only available from 1995. Data prior to 1995 came from European Commission Macro Forecasts (AMECO database).,2024,National Statistics Office,9/25/2025,2026-10-02
GRD,System of National Accounts (SNA) 1993,2006,No,Historical values for expenditure based GDP components are not reported by authorities and are estimated by IMF staff using data from balance of payments and fiscal accounts. GDP expenditure component estimates prior 2014 have been removed due to internal inconsistencies arising from methodological changes to international trade estimates from the balance of payments applicable to data reported after 2014.,2022,National Statistics Office,9/22/2025,2026-10-02
GTM,System of National Accounts (SNA) 2008,2013,"Yes, from 2001",Historical data source: Also use data from Haver.,2024,Central Bank,9/18/2025,2026-10-02
GUY,System of National Accounts (SNA) 1993,2012,No,"Components of GDP by expenditure after 2007 (private and public consumption, private and public investment) are estimates because authorities stopped producing the data. Projected real GDP growth in 2020 is potentially overstated and subject to large subsequent revisions because of the very high growth rate of oil GDP, which in turn is elevated on account of the very high oil price in the base year, 2012. A rebasing exercise is expected in 2021 that will resolve this problem, once the data becomes available",2024,National Statistics Office,9/12/2025,2026-10-02
GX123,,,,,,,,2026-10-02
HKG,System of National Accounts (SNA) 2008,2023,"Yes, from 1980",Historical data source: Data retrieved from Haver.,2024,National Statistics Office,9/26/2025,2026-10-02
HND,System of National Accounts (SNA) 1993,2000,No,Latest actual data is 2025Q1,2024,Central Bank,9/26/2025,2026-10-02
HRV,European System of Accounts (ESA) 2010,2021,No,"The authorities produce data from 1995 only; earlier data for the GDP and its components result from splicing. The GDP estimates include all economic activities within the ESA 2010 production boundary, covering both registered and unregistered activities. In addition to the unregistered activities covered since the implementation of ESA 1995 in 2009, since September 2014 CBS is also covering data on illegal activities within ESA 2010. Historical data source: By the Croatian Bureau of Statistics (CBS, www.dzs.hr). GDP valuation: Gross domestic product (GDP) by expenditure approach is valued at market prices and gross value added (GVA) by production approach is valued at basic prices. Base year: Base year changed from 2015 to 2021 by the Croatian Bureau of Statistics (CBS).",2024,National Statistics Office,9/11/2025,2026-10-02
HTI,System of National Accounts (SNA) 2008,FY2011/12,No,Fiscal year data are mapped to calendar year as follows: FY(t-1/t) = CY(t).,FY2024/25,National Statistics Office,9/22/2025,2026-10-02
HUN,European System of Accounts (ESA) 2010,2021,"Yes, from 2021","We maintain data only after 1995, as this is what the Statistical office provides. Chain-weighted comments: Changes in inventories is an estimate.",2024,National Statistics Office,9/11/2025,2026-10-02
IDN,System of National Accounts (SNA) 2008,2010,No,Historical data source: Accessed via Haver Data.,2024,National Statistics Office,9/11/2025,2026-10-02
IND,System of National Accounts (SNA) 2008,FY2011/12,No,"Latest quarterly data is as of June 2025 (for the first quarter of FY2025/26). Historical data source: The original data is in fiscal years, which begins in April and ends in March, to match with authorities' reporting methods. Fiscal year data are mapped to calendar year as follows: FY(t/t+1) = CY(t). The base year is by Fiscal Year, which is April to March (e.g. FY2004: April 2004-March 2005).",FY2024/25,National Statistics Office,9/26/2025,2026-10-02
IRL,European System of Accounts (ESA) 2010,2023,"Yes, from 1995",Prior to 1995 Real GDP is calculated using implied growth rates and excludes services produced by financial intermediaries (FISIM). Historical data source: Central Statistical Office of Ireland (CSO),2024,National Statistics Office,9/19/2025,2026-10-02
IRN,System of National Accounts (SNA) 2008,FY2021/22,No,"GDP in US dollars is computed using Iran's official exchange rate up to 2017/18 and using Iran's NIMA rate from 2018/19 onwards. The accuracy of data before 1990, the time of the Iran-Iraq war, cannot be verified. Iranian year starts in March 21 and ends in March 20. Fiscal year data are mapped to calendar year as follows: FY(t/t+1) = CY(t).",FY2024/25,Central Bank,9/26/2025,2026-10-02
IRQ,Other,2007,No,Base year rebased from 1988 to 2007 in end-2014.,2024,National Statistics Office,9/10/2025,2026-10-02
ISL,European System of Accounts (ESA) 2010,2020,"Yes, from 1990",,2024,National Statistics Office,9/11/2025,2026-10-02
ISR,System of National Accounts (SNA) 2008,2020,"Yes, from 1995",,2024,National Statistics Office,9/23/2025,2026-10-02
ITA,European System of Accounts (ESA) 2010,2020,"Yes, from 1980","All historical national accounts data and projections reflect the official published quarterly series. The historical national accounts revisions, released on September 22, 2025, did not include corresponding updated quarterly series and thus are not incorporated. Annual and quarterly data are on the work-adjusted basis.",2024,National Statistics Office,9/23/2025,2026-10-02
JAM,System of National Accounts (SNA) 2008,2015,No,CY data are constructed from quarterly data. Base year was changed from 2007 to 2015 for the October 2025 WEO round.,2024,National Statistics Office,9/12/2025,2026-10-02
JOR,System of National Accounts (SNA) 2008,2016,No,,2024,National Statistics Office,9/17/2025,2026-10-02
JPN,System of National Accounts (SNA) 2008,2015,"Yes, from 1980",The recent revision didn't go back pre-1994. Historical data source: Cabinet Office of Japan via Haver Analytics,2024,Other,9/26/2025,2026-10-02
KAZ,System of National Accounts (SNA) 1993,2005,"Yes, from 1994","Data prior to 1996 cannot be confirmed by national sources at this time. GDP valuation: Official GDP is calculated based on production, which does not match the total by expenditure's components.",2023,National Statistics Office,9/29/2025,2026-10-02
KEN,System of National Accounts (SNA) 2008,2016,No,,2024,National Statistics Office,9/22/2025,2026-10-02
KGZ,System of National Accounts (SNA) 2008,2005,"Yes, from 2010","For 2022-2024, large E&O affecting the extremal CA lead to a large discrepancy between GDP and the sum of its components from an expenditure-side approach.",2024,National Statistics Office,9/2/2025,2026-10-02
KHM,System of National Accounts (SNA) 1993,2014,No,Data prior to 2000 are based on a different base year (2000 prices) and estimated by IMF staff using splicing methods to avoid breaks in the data. These estimates continue to serve as proxies for historical series when complete information is unavailable.,2024,National Statistics Office,9/12/2025,2026-10-02
KIR,System of National Accounts (SNA) 2008,2019,No,,2023,National Statistics Office,8/28/2025,2026-10-02
KNA,System of National Accounts (SNA) 1993,2006,No,Latest actual data is preliminary. Historical values for expenditure based GDP components are not reported by authorities and are estimated by IMF staff using data from balance of payments and fiscal accounts. GDP expenditure component estimates prior 2014 have been removed due to internal inconsistencies arising from methodological changes to international trade estimates from the balance of payments applicable to data reported after 2014.,2023,National Statistics Office,9/11/2025,2026-10-02
KOR,System of National Accounts (SNA) 2008,2020,"Yes, from before 1980",,2024,Central Bank,9/26/2025,2026-10-02
KOS,European System of Accounts (ESA) 2010,2016,No,Base year changes as new data is released - previous year's prices,2024,National Statistics Office,9/23/2025,2026-10-02
KWT,System of National Accounts (SNA) 1993,2010,No,"Latest actual data is preliminary. Real GDP data for the period 1990-2009 have been adjusted by desk economist to account for breaks in the source data. The breaks are associated with changes in the base year from 1984 to 1995, to 2000, and subsequently to 2010. Pre-revision data exist for the period prior to 1995. The nominal data were revised back to 1995. The latest revision of nominal and real data go to 2010. Using the pre-revision data, desk economist recalculated the constant price data for the period prior to 1995 so that y-o-y change of each component remains unchanged. A similar adjustment was made to the period 1995-2009.",2024,National Statistics Office,9/10/2025,2026-10-02
LAO,System of National Accounts (SNA) 2008,2012,No,,2024,National Statistics Office,9/15/2025,2026-10-02
LBN,System of National Accounts (SNA) 2008,2019,"Yes, from 2019","A weighted average of the official and parallel exchange rates for 2019-2023 is used. Starting in 2024, the official exchange rate is applied. Base year: Official quarterly and annual data are based on 2019.",2021,National Statistics Office,,2026-10-02
LBR,System of National Accounts (SNA) 1993,2018,No,"Real GDP are in billions of U.S. dollars. The National Accounts data are staff estimates and are based on the preliminary results of the 2016 Household Income and Expenditure Survey, and of an ongoing STA technical assistance on National Accounts. The pre-2016 data were spliced with a constant ratio. These staff estimates will be replaced once official data become available. Liberia is a dual currency country where USD and LRD are both used with larger USD share. The actual data is based on IMF staff estimates. STA is currently providing TA to the authorities to produce more reliable estimates. Historical data source: IMF STA preliminary survey; Publish growth rate from 2000 only, no data prior to 1999 due to civil war in the country. Base year: Official base year is 1992.",2024,IMF Staff Estimates,9/25/2025,2026-10-02
LBY,System of National Accounts (SNA) 1993,2013,No,"- Actuals and projections are subject to high uncertainty due to frequent data revisions by the authorities.
- National accounts data for 2020-24 are IMF staff estimates.",2019,Ministry of Economy and/or Planning,9/19/2025,2026-10-02
LCA,System of National Accounts (SNA) 2008,2018,No,Historical values for expenditure based GDP components are not reported by authorities and are estimated by IMF staff using data from balance of payments and fiscal accounts. GDP expenditure component estimates prior 2014 have been removed due to internal inconsistencies arising from methodological changes to international trade estimates from the balance of payments applicable to data reported after 2014.,2024,National Statistics Office,9/22/2025,2026-10-02
LIE,European System of Accounts (ESA) 2010,2013,No,"GDP numbers from 1998 to 2013 are based on ESA 1995 while from 2014, they are based on ESA 2010.",2023,National Statistics Office,9/29/2025,2026-10-02
LKA,System of National Accounts (SNA) 2008,2015,No,Historical data source: Department of Census and Statistics. Staff used splicing method for the historical series.,2024,National Statistics Office,,2026-10-02
LSO,System of National Accounts (SNA) 2008,FY2012/13,No,The national accounts real values have been updated from 2015 onwards. Prior to 2015 the data has been adjusted to produce smooth series with the use of splicing technique. These estimates continue to serve as proxies for historical series when complete information is unavailable. Fiscal year data are mapped to calendar year as follows: FY(t/t+1) = CY(t).,FY2023/24,National Statistics Office,9/25/2025,2026-10-02
LTU,European System of Accounts (ESA) 2010,2021,"Yes, from 2005",Data prior to 1995 cannot be confirmed by national sources at this time. Historical data source: Data from Statistics Lithuania: http://www.stat.gov.lt/en/,2024,National Statistics Office,9/26/2025,2026-10-02
LUX,European System of Accounts (ESA) 2010,2015,"Yes, from 1995","The Luxembourg statistics office (STATEC) publishes the national accounts data starting from 2000 only. Previously, the same data were published from 1995, but when the authorities moved to the ESA 2010 standard, the historical data were only revised back to 2000.",2024,National Statistics Office,9/22/2025,2026-10-02
LVA,European System of Accounts (ESA) 2010,2020,"Yes, from 2020",,2024,National Statistics Office,9/26/2025,2026-10-02
MAC,System of National Accounts (SNA) 2008,2023,"Yes, from 2023",The latest data for components of GDP is as of 2025Q1.,2024,National Statistics Office,9/18/2025,2026-10-02
MAR,System of National Accounts (SNA) 2008,2014,"Yes, from 2007",,2024,National Statistics Office,9/11/2025,2026-10-02
MDA,System of National Accounts (SNA) 2008,1995,No,National accounts data from 2010 onwards sourced from the latest update by the National Bureau of Statistics. National accounts data prior to 2010 have been backspliced by IMF staff. Base year: The National Statistics Office is using 2010 as a base year while this submission is based on 1995.,2024,National Statistics Office,9/23/2025,2026-10-02
MDG,System of National Accounts (SNA) 1993,2007,No,2021-2022 is still preliminary data.,2022,National Statistics Office,9/19/2025,2026-10-02
MDV,System of National Accounts (SNA) 2008,2019,No,Historical data source: National Bureau of Statistics. GDP valuation: Production-based measure.,2024,Ministry of Finance or Treasury,9/26/2025,2026-10-02
MEX,System of National Accounts (SNA) 2008,2018,No,,2024,National Statistics Office,9/16/2025,2026-10-02
MHL,System of National Accounts (SNA) 2008,FY2014/15,No,Fiscal year data are mapped to calendar year as follows: FY(t-1/t) = CY(t). Fiscal year starts on October 1 and ends September 30.,FY2022/23,National Statistics Office,9/15/2025,2026-10-02
MKD,European System of Accounts (ESA) 2010,2005,No,,2024,National Statistics Office,9/10/2025,2026-10-02
MLI,System of National Accounts (SNA) 1993,1999,No,National accounts have new methodology starting in 1990.,2023,National Statistics Office,8/14/2025,2026-10-02
MLT,European System of Accounts (ESA) 2010,2020,"Yes, from 2000",Historical data source: Eurostat,2024,National Statistics Office,9/10/2025,2026-10-02
MMR,Other,FY2015/16,No,Historical data source: Ministry of Planning and Finance. Historical data up to 2015/16 have been re-estimated by IMF staff to ensure data consistency after the change of fiscal year from April-March to October-September. The fiscal year was restored to April-March since FY2021/22. Data refer to fiscal years. Fiscal year data are mapped to calendar year as follows: FY(t-1/t) = CY(t). In 2018 Myanmar authorities changed the fiscal year to 1 October to 30 September from previously 1 April to 31 March. Historical data up to 2015/16 have been re-estimated by IMF staff to ensure data consistency. The fiscal year was restored to April-March since FY2021/22.,FY2021/22,Other,8/27/2025,2026-10-02
MNE,European System of Accounts (ESA) 2010,2006,No,Historical data source: MONSTAT,2024,National Statistics Office,9/26/2025,2026-10-02
MNG,System of National Accounts (SNA) 2008,2015,No,Data prior to 1991 cannot be confirmed by national sources. Data after 2000 has been rebased. Discrepancies rise from staff estimates based on the balance of payment data and the authorities' data on net exports at constant price.,2024,National Statistics Office,9/16/2025,2026-10-02
MOZ,System of National Accounts (SNA) 2008,2019,No,Data prior to 1992 cannot be confirmed by national sources at this time. Historical data source: Instituto Nacional de Estadistica (INE). Base year: Annual NA has been rebased to 2019. Quarterly NA is still with base 2014.,2023,National Statistics Office,9/24/2025,2026-10-02
MRT,System of National Accounts (SNA) 2008,1998,"Yes, from 2014",,2023,National Statistics Office,9/12/2025,2026-10-02
MUS,System of National Accounts (SNA) 2008,2018,"Yes, from 1999","Figures for exports and imports of services are not equal to those compiled by the BOM, due to the difference in sectoral coverage and the treatment of FISIM by CSO and BOM. In July 2022, the authorities changed the benchmark year of the national accounts from 2013 to 2018. The revision also brought some improvements in the estimation process and coverage. This resulted in a historical revision of national accounts.",2023,National Statistics Office,9/19/2025,2026-10-02
MWI,System of National Accounts (SNA) 2008,2017,No,Since 2011 we have used IMF staff's and Malawian authorities combined estimates for National Accounts data. Base year: Rebased to 2017 from 2010.,2024,National Statistics Office,9/19/2025,2026-10-02
MYS,System of National Accounts (SNA) 2008,2015,No,"GDP was rebased by the National Statistical Office, new base year is 2015. The official series starts in 2015. Data prior to that is spliced based on the old series. Historical data source: From Department of Statistics Malaysia (DOS) downloaded via CEIC.",2024,National Statistics Office,9/24/2025,2026-10-02
NAM,System of National Accounts (SNA) 1993,2015,No,,2024,National Statistics Office,9/18/2025,2026-10-02
NER,System of National Accounts (SNA) 2008,2015,No,2023 National Accounts reflect preliminary estimates from the authorities.,2022,National Statistics Office,8/21/2025,2026-10-02
NGA,System of National Accounts (SNA) 2008,2019,No,"Nigeria released revised and rebased national accounts data, with 2019 as the new base year. This replaces the 2010 benchmark and aligns national accounts statistics with updated international standards, including the 2008 SNA, BPM6 and the GFSM 2014. The rebasing entailed broader sectoral and data coverage capturing previously unrecorded activities such as the digital economy, parts of the informal economy (particularly in the agriculture sector), pension and health insurance schemes, social insurance trust funds, household firms, quarrying and other minerals and modular oil refining. Adding to dedicated sectoral studies, the rebasing drew on more comprehensive data coverage of household and informal sector activity, including from the National Business Sample Census and the Survey of Establishments, the National Agricultural Sample Census and Survey, and the 2019 and 2023 Nigeria Living Standards Surveys. The rebasing exercise resulted in an upward revision of the nominal GDP by 40.8 percent in 2019.",2024,National Statistics Office,9/26/2025,2026-10-02
NIC,System of National Accounts (SNA) 2008,2006,"Yes, from 2006",Due to political and economic events (civil war and hyperinflation) data prior to 1995 are less reliable. Latest actual data for real sector indicators may be lagging by one or two quarters. Chain-weighted comments: annual overlap.,2024,Central Bank,9/9/2025,2026-10-02
NLD,European System of Accounts (ESA) 2010,2021,"Yes, from 1980",,2024,National Statistics Office,9/18/2025,2026-10-02
NOR,European System of Accounts (ESA) 2010,2022,"Yes, from 1980",,2024,National Statistics Office,9/23/2025,2026-10-02
NPL,System of National Accounts (SNA) 2008,FY2010/11,No,"Data refer to fiscal years. Fiscal year data are mapped to calendar year as follows: FY(t-1/t) = CY(t). Fiscal year starts on July 16th, and ends July 15th the following year. Data prior to 2010/11 were estimated by IMF staff by using data splicing.",FY2024/25,National Statistics Office,9/24/2025,2026-10-02
NRU,System of National Accounts (SNA) 2008,FY2012/13,No,"Historical data source: Nauru Authorities, IMF staff estimates. Fiscal year data are mapped to calendar year as follows: FY(t-1/t) = CY(t).",FY2020/21,Other,8/4/2025,2026-10-02
NZL,System of National Accounts (SNA) 2008,2009,"Yes, from 1987","Starting with the April 2021 WEO, real GDP data and forecasts are reported on a production basis. Nominal GDP data are reported on expenditure basis. Authorities' actual annual data are April/March recalculated using quarterly data as Jan/Dec. Annual CY data are reconstructed from quarterly data. The base year is 2009Q2 to 2010Q1. Historical data source: Statistics New Zealand.",2024,National Statistics Office,9/15/2025,2026-10-02
OMN,System of National Accounts (SNA) 2008,2018,No,,2024,National Statistics Office,9/12/2025,2026-10-02
PAK,System of National Accounts (SNA) 2008,FY2015/16,"Yes, from 2016","Fiscal year data are mapped to calendar year as follows: FY(t-1/t) = CY(t). Data before 2001 were extended backwards using growth rates for overall GDP and expenditure component shares of the original series. Real GDP is based on factor cost whereas nominal GDP is based on market prices. As a result, any calculated GDP deflator using these the two different concepts will not be accurate.",FY2024/25,National Statistics Office,9/17/2025,2026-10-02
PAN,System of National Accounts (SNA) 1993,2018,"Yes, from 2018",Panama is a fully dollarized economy.,2024,National Statistics Office,9/28/2025,2026-10-02
PER,System of National Accounts (SNA) 2008,2007,No,,2024,Central Bank,9/18/2025,2026-10-02
PHL,System of National Accounts (SNA) 2008,2018,No,Historical data source: accessed via Haver,2024,National Statistics Office,9/22/2025,2026-10-02
PLW,System of National Accounts (SNA) 1993,FY2018/19,No,Fiscal year data are mapped to calendar year as follows: FY(t-1/t) = CY(t).,FY2023/24,Ministry of Finance or Treasury,9/24/2025,2026-10-02
PNG,System of National Accounts (SNA) 2008,2013,No,Historical data source: National Statistical Office and MOF,2023,Other,9/22/2025,2026-10-02
POL,European System of Accounts (ESA) 2010,2020,"Yes, from 2020",Data prior to 1995 cannot be confirmed by national sources at this time.,2024,National Statistics Office,9/26/2025,2026-10-02
PRI,Other,2017,No,"Prior to 2014, National Accounts data are extrapolated back at the growth rates from the earlier vintage, which used 1954 as a base year. Historical data source: Puerto Rico Planning Board. Fiscal year data are mapped to calendar year as follows: FY(t-1/t) = CY(t)",FY2023/24,National Statistics Office,9/25/2025,2026-10-02
PRT,European System of Accounts (ESA) 2010,2021,"Yes, from 1995",,2024,National Statistics Office,9/24/2025,2026-10-02
PRY,System of National Accounts (SNA) 2008,2014,No,"Before 2008, GDP data were constructed backward using the new 2014 base year.",2024,Central Bank,9/18/2025,2026-10-02
QAT,System of National Accounts (SNA) 1993,2018,No,"Latest actual data: 2023Q4. Historical data source: Qatar Planning and Statistics Authority(from 2010); Haver and IMF staff estimates (pre-2010). Base year 2018 only applies to GDP by production methods, and does not apply to GDP by expenditure methods. We do not have latest data on GDP by expenditure methods at constant price.",2023,National Statistics Office,9/22/2025,2026-10-02
ROU,European System of Accounts (ESA) 2010,2020,"Yes, from 2000",Historical data source: Eurostat and National Institute of Statistics.,2024,National Statistics Office,9/24/2025,2026-10-02
RUS,System of National Accounts (SNA) 2008,2021,"Yes, from 1995","Gross capital formation includes statistical discrepancy before 2010. For 2022 and 2023, estimates of exports and imports in the national accounts are staff's, as the authorities only publish net exports. Staff's estimates of exports and imports are so that the resulting net exports are consistent with the official data on net exports. Latest actual data: Quarterly distribution of 2024 is not yet available. Q1-Q3 will be revised. Base year: The discrepancy in historical national account comes from source data which recently got rebased. In the new methodology they rebased all the components of GDP to 2021 prices.",2024,National Statistics Office,9/12/2025,2026-10-02
RWA,System of National Accounts (SNA) 2008,2017,No,,2024,National Statistics Office,9/9/2025,2026-10-02
SAU,System of National Accounts (SNA) 2008,2023,"Yes, from 2024","Historical data source: General Authority for Statistics, Kingdom of Saudi Arabia (GSTAT).",2024,National Statistics Office,9/26/2025,2026-10-02
SDN,Other,1982,No,Substantial delays occurred in the regular production of national accounts data. We have not received national accounting data since 2019. Historical data source: Central Bureau of Statistics.,2019,National Statistics Office,9/9/2025,2026-10-02
SEN,System of National Accounts (SNA) 2008,2014,No,,2024,National Statistics Office,9/12/2025,2026-10-02
SGP,System of National Accounts (SNA) 2008,2015,"Yes, from 2015",,2024,National Statistics Office,9/26/2025,2026-10-02
SLB,System of National Accounts (SNA) 1993,2012,No,"Historical data source: National Statistics Office and the Central Bank of Solomon Islands. For data prior to 1990, the source is IMF staff estimates. GDP valuation: This has been updated till 2016 with data provided by the country authorities. For 2017 and onwards, real GDP is estimated by the staff, based on sectoral growth assumptions provided by the Central Bank of Solomon Islands.",2022,Other,9/17/2025,2026-10-02
SLE,System of National Accounts (SNA) 2008,2018,"Yes, from 2010","Sierra Leone redenominated its currency on July 1, 2022, but local currency data are expressed in the old leone for the October 2022 WEO.",2024,National Statistics Office,9/25/2025,2026-10-02
SLV,System of National Accounts (SNA) 2008,2014,No,"The output gap does not close by 2027 because desk assumes a much deeper hit to the potential in 2020 due to long and strict lockdown, and political uncertainty impacting both the actual and potential GDP medium-term growth.",2024,Central Bank,9/22/2025,2026-10-02
SMR,European System of Accounts (ESA) 2010,2007,No,,2022,National Statistics Office,8/26/2025,2026-10-02
SOM,System of National Accounts (SNA) 2008,2022,No,,2022,National Statistics Office,9/19/2025,2026-10-02
SRB,European System of Accounts (ESA) 2010,2021,"Yes, from 2021",The country in its current form has been in existence since 1992. Official data are only available from 1999 onward. The data prior to 1992 is presumably for the former SFR Yugoslavia. Metadata analysis available through the statistics office. Historical data source: Statistical Office of the Republic of Serbia.,2024,National Statistics Office,9/11/2025,2026-10-02
SSD,System of National Accounts (SNA) 1993,2010,No,"Preliminary results by NBS, will be revised with time. Historical data source: National Bureau of Statistics. Authorities report on fiscal year July/June.",2024,IMF Staff Estimates,9/18/2025,2026-10-02
STP,System of National Accounts (SNA) 1993,2008,No,There is a break in the series for 2001 onwards due to revision in GDP data. Historical data source: Instituto Nacional de Estatistica de Sao Tome & Principe. Base year: Previously it was 2000. Manual revision to 2000 to smooth the series since the authorities did not splice and provide 2000. The rebased series begins in 2001,2023,National Statistics Office,9/25/2025,2026-10-02
SUR,System of National Accounts (SNA) 2008,2015,No,"Historical data source: IMF Staff reports, National Statistical Office, and IMF staff estimates.",2024,National Statistics Office,9/28/2025,2026-10-02
SVK,European System of Accounts (ESA) 2010,2020,"Yes, from 1997",Historical data source: Eurostat & Haver Analytics,2024,National Statistics Office,9/23/2025,2026-10-02
SVN,European System of Accounts (ESA) 2010,2010,"Yes, from 2000","Projections of net exports are consistent with their sub-components in terms of growth contributions rather than levels. There is a historical discrepancy between the level of net exports and X-M in constant prices due to chain-linking methodology. In order to avoid the impact on growth contributions, the discrepancy is kept at a constant level in the projection period.  While annual data are consistent with August 2025 release of the annual National Accounts, there are discrepancies with 4Q sums of quarterly data as the Statistics Office will release updated quarterly data on September 30, 2025, after the cut-off date for the October WEO.",2024,National Statistics Office,9/25/2025,2026-10-02
SWE,European System of Accounts (ESA) 2010,2024,"Yes, from 1993","In June 2024 the authorities revised 1993-2023 data, due to a benchmark revision that is carried every 5 years. In June 2010, the authorities performed a major revision of historical time series data 1993-2009 which involved the introduction of new methods, improved source data and a further adjustment to recommendations from the European Union. Annual data do not always match annual average quarterly data. These discrepancies are because of seasonal adjustment.",2024,National Statistics Office,9/24/2025,2026-10-02
SWZ,System of National Accounts (SNA) 2008,2019,No,"Updated methodology has been applied to the series. Prior to 2000, the data are adjusted using previous historical data as proxies to produce smooth series with the use of splicing technique. Historical data are updated on a continual basis as more information becomes available. Prior to 1990, trade data are calculated from external sector statistics.",2023,National Statistics Office,9/15/2025,2026-10-02
SYC,System of National Accounts (SNA) 2008,2014,No,,2023,National Statistics Office,9/18/2025,2026-10-02
SYR,System of National Accounts (SNA) 1993,2000,No,,2010,National Statistics Office,,2026-10-02
TCD,System of National Accounts (SNA) 2008,2017,"Yes, from 2005",GDP was rebased to 2017 in 2022. Inflation was rebased to 2022 in 2025.,2023,National Statistics Office,9/12/2025,2026-10-02
TGO,System of National Accounts (SNA) 2008,2016,No,,2022,National Statistics Office,9/25/2025,2026-10-02
THA,System of National Accounts (SNA) 1993,2002,"Yes, from 1993",Annual CY data are constructed from quarterly data. Ratio splicing for years before 1993. Historical data source: National Economic and Social Development Board.,2024,Other,9/26/2025,2026-10-02
TJK,System of National Accounts (SNA) 1993,1995,No,,2023,National Statistics Office,9/11/2025,2026-10-02
TKM,System of National Accounts (SNA) 2008,2023,"Yes, from 2007","Data prior to 2009 cannot be confirmed by national sources at this time. Historical data source: Staff estimates, compiled in line with international (System of National Accounts) methodologies, using official estimates and sources, as well as UN and World Bank databases. Staff estimates are revised in line with newly available data, including from official sources.",2024,IMF Staff Estimates,9/29/2025,2026-10-02
TLS,System of National Accounts (SNA) 2008,2015,No,"Published data for Real GDP refers to non-oil Real GDP, and published data for nominal GDP refers to total nominal GDP.",2024,National Statistics Office,9/16/2025,2026-10-02
TON,System of National Accounts (SNA) 2008,FY2016/17,No,"Fiscal year data are mapped to calendar year as follows: FY(t-1/t) = CY(t). Prior to 1994, the data are in fiscal year (FY) reporting basis converted to calendar year by averaging two FYs (e.g. 1990 is the average of 1989/90 and 1990/91), and are further adjusted to produce a smooth series with the use of a splicing technique. These estimates continue to serve as proxies for historical series when complete information is unavailable. Historical data source: National Reserve Bank of Tonga.",FY2022/23,Central Bank,9/10/2025,2026-10-02
TTO,System of National Accounts (SNA) 2008,2012,No,Trinidad and Tobago's growth estimates for 2024 are preliminary data subject to further revisions by the authorities.,2024,National Statistics Office,9/22/2025,2026-10-02
TUN,System of National Accounts (SNA) 2008,2015,"Yes, from 2009",,2024,National Statistics Office,9/11/2025,2026-10-02
TUR,European System of Accounts (ESA) 2010,2009,"Yes, from 2009",Historical data source: Data from Turkish Statistical Institute (TurkStat),2024,National Statistics Office,9/26/2025,2026-10-02
TUV,System of National Accounts (SNA) 2008,2016,No,Historical data source: PFTAC advisors,2024,Other,9/10/2025,2026-10-02
TWN,System of National Accounts (SNA) 2008,2021,No,Historical data source: Data retrieved from CEIC. GDP valuation: Expenditure-based measure.,2024,National Statistics Office,9/26/2025,2026-10-02
TZA,System of National Accounts (SNA) 2008,2015,No,Original base year 1992,2023,National Statistics Office,9/24/2025,2026-10-02
UGA,System of National Accounts (SNA) 2008,2016,No,"Historical data are in CY, but projections are converted by averaging two FYs (i.e. Avg[FY(t-1/t),FY(t/t+1)]= CY(t)). For example, the projection of 2027 is the average of 2026/27 and 2027/28. Historical calendar year data are calculated by adding up quarterly data from Haver. For example, the calendar year 2018 GDP is the sum of 2018Q1, 2018Q2,2018Q3 and 2018Q4 GDP data. The GDP components(consumption, investment, exports and imports) are distributed proportionally based on the average share of two fiscal year GDP data. For example, CY2018 gross capital formation= CY2018 GDP *average(FY2017/18+FY 2018/19 gross capital formation)/average(FY2017/18+FY 2018/19 GDP). Prior to 2009, the data are in fiscal year (FY) reporting basis converted to calendar year (CY) by averaging two FYs (e.g. CY2008 is the average of FY2007/08 and FY2008/09). Historical quarterly data are taken from Haver to have a smooth series. National Accounts were rebased on a FY basis and this rebasing was then applied to CY historical data. As a result real GDP and nominal GDP are not equal in CY 2016.",2024,National Statistics Office,9/24/2025,2026-10-02
UKR,System of National Accounts (SNA) 2008,2021,"Yes, from 2005","Starting in 2014, the data was changed to SNA 2008. Revised National Accounts data is available from 2000 on an annual basis and from 2010 on a quarterly basis. The data excludes Crimea and Sevastopol from 2010. The revised quarterly GDP data based on SNA 2008 excluding Crimea and Sevastopol are available from 2010. Historical data source: Formally, the State Statistics Service of Ukraine.",2024,National Statistics Office,9/15/2025,2026-10-02
URY,System of National Accounts (SNA) 2008,2016,No,"Data for years between 2016 and last actual for these series are reported by national authorities. Data prior to 2016 are the staff's estimates, representing best effort to preserve the previously reported growth rates and avoid structural breaks.",2024,Central Bank,9/24/2025,2026-10-02
USA,System of National Accounts (SNA) 2008,2017,"Yes, from 1980",Real Gross Domestic Product determined by chained Fisher quantity growth rates.,2024,National Statistics Office,9/30/2025,2026-10-02
UZB,System of National Accounts (SNA) 1993,2020,No,"The latest data is 2024. GDP numbers for 2025 Q2 from the supply side have been published, but latest data for the expenditure side is for 2025 Q1.",2024,National Statistics Office,9/18/2025,2026-10-02
VCT,System of National Accounts (SNA) 1993,2018,No,Latest actual data is preliminary. Historical values for expenditure based GDP components are not reported by authorities and are estimated by IMF staff using data from balance of payments and fiscal accounts. GDP expenditure component estimates prior 2014 have been removed due to internal inconsistencies arising from methodological changes to international trade estimates from the balance of payments applicable to data reported after 2014. Real GDP at market prices begins in 2000.,2022,National Statistics Office,9/23/2025,2026-10-02
VEN,System of National Accounts (SNA) 1993,1997,No,"Due to the prevalence of multiple exchange rates and a parallel market, for 2012-2023, staff has computed a generalized unitary exchange rate weighted by the value of imports and exports as well as by the different windows used to acquire foreign exchange. Starting in 2012, staff estimates the nominal GDP in local currency using real GDP levels published by the country and deflators calculated by staff. Nominal GDP in U.S. dollars is calculated dividing the local currency GDP by the generalized unitary exchange rate. Latest year for real accounts is 2018. Starting 2012, staff elaborates its own nominal GDP accounts estimates.",2018,Central Bank,9/16/2025,2026-10-02
VNM,System of National Accounts (SNA) 1993,2010,No,"Country authorities revised their methodology for GDP calculation in 2019, and 'revised' GDP data is currently only available starting in 2010. A further revision of quarterly GDP for 2010Q1-2022Q3 and annual GDP for 2021 happened in 2022Q3. 'Revised' and 'unrevised' GDP data are substantially different, leading to sharp breaks in national accounts variables in 2010. GDP valuation: Production-based measure",2024,National Statistics Office,9/23/2025,2026-10-02
VUT,System of National Accounts (SNA) 1993,2006,No,,2022,National Statistics Office,8/19/2025,2026-10-02
WBG,System of National Accounts (SNA) 2008,2015,No,"National accounts are reported in USD, although NIS is the most commonly used currency and the most common means of transaction.",2024,National Statistics Office,,2026-10-02
WSM,System of National Accounts (SNA) 2008,FY2012/13,No,"Data prior to 2000 cannot be confirmed by national sources at this time. Data refer to fiscal years. Fiscal year data are mapped to calendar year as follows: FY(t-1/t) = CY(t). Base year: Base year was updated from 2009 to 2013, affecting the data from 2009.",FY2023/24,National Statistics Office,8/14/2025,2026-10-02
YEM,System of National Accounts (SNA) 1993,1990,No,"GDP in current prices in U.S. dollars is calculated by using the market exchange rate since 2015, whereas in prior years, the official exchange rate has been used.",2022,IMF Staff Estimates,9/23/2025,2026-10-02
ZAF,System of National Accounts (SNA) 2008,2015,No,,2024,National Statistics Office,9/25/2025,2026-10-02
ZMB,System of National Accounts (SNA) 2008,2010,No,,2024,National Statistics Office,8/15/2025,2026-10-02
ZWE,System of National Accounts (SNA) 2008,2023,No,"Latest actual data: data before 2009 are unreliable. The Zimbabwe dollar ceased circulating in 2009. Between 2009-19, Zimbabwe operated under a multi-currency regime with the US dollar as the unit of account. In 2019, Zimbabwe authorities introduced the RTGS dollar, later renamed the Zimbabwe dollar. In 2024, the Zimbabwe authorities introduced a new currency called Zimbabwe Gold, or ZiG. While the authorities are in the process of redenominating national accounts data in ZiG, the IMF team has redenominated historic ZWL data using the conversion factor of 2498.7242 ZWL: 1 ZiG.",2023,National Statistics Office,9/5/2025,2026-10-02
